condition,score,dataset,run,fixed,entropy
context_unaware,NMI_hierarchical,"(3,4)",0,0,0.779790349649863
context_unaware,NMI_hierarchical,"(3,4)",0,1,0.7984547901169471
context_unaware,NMI_hierarchical,"(3,4)",0,2,0.8316284659409185
context_unaware,NMI_hierarchical,"(3,4)",0,3,
context_unaware,NMI_hierarchical,"(3,4)",0,4,
context_unaware,effectiveness_hierarchical,"(3,4)",0,0,0.9881318134635912
context_unaware,effectiveness_hierarchical,"(3,4)",0,1,0.9007070955360971
context_unaware,effectiveness_hierarchical,"(3,4)",0,2,0.8861547548912732
context_unaware,effectiveness_hierarchical,"(3,4)",0,3,
context_unaware,effectiveness_hierarchical,"(3,4)",0,4,
context_unaware,consistency_hierarchical,"(3,4)",0,0,0.6440057349833579
context_unaware,consistency_hierarchical,"(3,4)",0,1,0.717051850990337
context_unaware,consistency_hierarchical,"(3,4)",0,2,0.7834233763092102
context_unaware,consistency_hierarchical,"(3,4)",0,3,
context_unaware,consistency_hierarchical,"(3,4)",0,4,
context_unaware,NMI_hierarchical,"(3,4)",1,0,0.7742703491080349
context_unaware,NMI_hierarchical,"(3,4)",1,1,0.8019507537862616
context_unaware,NMI_hierarchical,"(3,4)",1,2,0.8203105819686674
context_unaware,NMI_hierarchical,"(3,4)",1,3,
context_unaware,NMI_hierarchical,"(3,4)",1,4,
context_unaware,effectiveness_hierarchical,"(3,4)",1,0,1.0
context_unaware,effectiveness_hierarchical,"(3,4)",1,1,0.9836572888839419
context_unaware,effectiveness_hierarchical,"(3,4)",1,2,0.9821621028184062
context_unaware,effectiveness_hierarchical,"(3,4)",1,3,
context_unaware,effectiveness_hierarchical,"(3,4)",1,4,
context_unaware,consistency_hierarchical,"(3,4)",1,0,0.6316811774477328
context_unaware,consistency_hierarchical,"(3,4)",1,1,0.67690852251843
context_unaware,consistency_hierarchical,"(3,4)",1,2,0.7042555695859856
context_unaware,consistency_hierarchical,"(3,4)",1,3,
context_unaware,consistency_hierarchical,"(3,4)",1,4,
context_unaware,NMI_hierarchical,"(3,4)",2,0,0.7511388848319283
context_unaware,NMI_hierarchical,"(3,4)",2,1,0.7890572145177086
context_unaware,NMI_hierarchical,"(3,4)",2,2,0.8241412782249737
context_unaware,NMI_hierarchical,"(3,4)",2,3,
context_unaware,NMI_hierarchical,"(3,4)",2,4,
context_unaware,effectiveness_hierarchical,"(3,4)",2,0,1.0
context_unaware,effectiveness_hierarchical,"(3,4)",2,1,0.9585550495118895
context_unaware,effectiveness_hierarchical,"(3,4)",2,2,0.9656721936517625
context_unaware,effectiveness_hierarchical,"(3,4)",2,3,
context_unaware,effectiveness_hierarchical,"(3,4)",2,4,
context_unaware,consistency_hierarchical,"(3,4)",2,0,0.6014591019841626
context_unaware,consistency_hierarchical,"(3,4)",2,1,0.6704958497233164
context_unaware,consistency_hierarchical,"(3,4)",2,2,0.7187934259729536
context_unaware,consistency_hierarchical,"(3,4)",2,3,
context_unaware,consistency_hierarchical,"(3,4)",2,4,
context_unaware,NMI_hierarchical,"(3,4)",3,0,0.7970418668653044
context_unaware,NMI_hierarchical,"(3,4)",3,1,0.7858476791168469
context_unaware,NMI_hierarchical,"(3,4)",3,2,0.8103734268597506
context_unaware,NMI_hierarchical,"(3,4)",3,3,
context_unaware,NMI_hierarchical,"(3,4)",3,4,
context_unaware,effectiveness_hierarchical,"(3,4)",3,0,0.9812662412697016
context_unaware,effectiveness_hierarchical,"(3,4)",3,1,0.9125715521008542
context_unaware,effectiveness_hierarchical,"(3,4)",3,2,0.9291408752172369
context_unaware,effectiveness_hierarchical,"(3,4)",3,3,
context_unaware,effectiveness_hierarchical,"(3,4)",3,4,
context_unaware,consistency_hierarchical,"(3,4)",3,0,0.6710566917616447
context_unaware,consistency_hierarchical,"(3,4)",3,1,0.6900273194101267
context_unaware,consistency_hierarchical,"(3,4)",3,2,0.7185276213063397
context_unaware,consistency_hierarchical,"(3,4)",3,3,
context_unaware,consistency_hierarchical,"(3,4)",3,4,
context_unaware,NMI_hierarchical,"(3,4)",4,0,0.7644411655396446
context_unaware,NMI_hierarchical,"(3,4)",4,1,0.7943869144445049
context_unaware,NMI_hierarchical,"(3,4)",4,2,0.8260185086954946
context_unaware,NMI_hierarchical,"(3,4)",4,3,
context_unaware,NMI_hierarchical,"(3,4)",4,4,
context_unaware,effectiveness_hierarchical,"(3,4)",4,0,1.0
context_unaware,effectiveness_hierarchical,"(3,4)",4,1,0.9351537507008345
context_unaware,effectiveness_hierarchical,"(3,4)",4,2,0.9540116277847127
context_unaware,effectiveness_hierarchical,"(3,4)",4,3,
context_unaware,effectiveness_hierarchical,"(3,4)",4,4,
context_unaware,consistency_hierarchical,"(3,4)",4,0,0.6187007402796184
context_unaware,consistency_hierarchical,"(3,4)",4,1,0.6904542134019207
context_unaware,consistency_hierarchical,"(3,4)",4,2,0.7283066588548956
context_unaware,consistency_hierarchical,"(3,4)",4,3,
context_unaware,consistency_hierarchical,"(3,4)",4,4,
context_unaware,NMI_hierarchical,"(3,8)",0,0,0.7732715980891517
context_unaware,NMI_hierarchical,"(3,8)",0,1,0.8355069262422761
context_unaware,NMI_hierarchical,"(3,8)",0,2,0.8628203978200927
context_unaware,NMI_hierarchical,"(3,8)",0,3,
context_unaware,NMI_hierarchical,"(3,8)",0,4,
context_unaware,effectiveness_hierarchical,"(3,8)",0,0,1.0
context_unaware,effectiveness_hierarchical,"(3,8)",0,1,0.997507861302562
context_unaware,effectiveness_hierarchical,"(3,8)",0,2,0.9964897088257658
context_unaware,effectiveness_hierarchical,"(3,8)",0,3,
context_unaware,effectiveness_hierarchical,"(3,8)",0,4,
context_unaware,consistency_hierarchical,"(3,8)",0,0,0.6303527307957029
context_unaware,consistency_hierarchical,"(3,8)",0,1,0.7187739581740997
context_unaware,consistency_hierarchical,"(3,8)",0,2,0.7607705038897197
context_unaware,consistency_hierarchical,"(3,8)",0,3,
context_unaware,consistency_hierarchical,"(3,8)",0,4,
context_unaware,NMI_hierarchical,"(3,8)",1,0,0.7623142498860986
context_unaware,NMI_hierarchical,"(3,8)",1,1,0.8345056018369846
context_unaware,NMI_hierarchical,"(3,8)",1,2,0.8591831220286649
context_unaware,NMI_hierarchical,"(3,8)",1,3,
context_unaware,NMI_hierarchical,"(3,8)",1,4,
context_unaware,effectiveness_hierarchical,"(3,8)",1,0,0.9941715339512277
context_unaware,effectiveness_hierarchical,"(3,8)",1,1,0.9933541064072726
context_unaware,effectiveness_hierarchical,"(3,8)",1,2,0.9955596822967386
context_unaware,effectiveness_hierarchical,"(3,8)",1,3,
context_unaware,effectiveness_hierarchical,"(3,8)",1,4,
context_unaware,consistency_hierarchical,"(3,8)",1,0,0.6181511527504985
context_unaware,consistency_hierarchical,"(3,8)",1,1,0.7194564206909138
context_unaware,consistency_hierarchical,"(3,8)",1,2,0.7556680701939806
context_unaware,consistency_hierarchical,"(3,8)",1,3,
context_unaware,consistency_hierarchical,"(3,8)",1,4,
context_unaware,NMI_hierarchical,"(3,8)",2,0,0.7682897814234426
context_unaware,NMI_hierarchical,"(3,8)",2,1,0.8371341860561131
context_unaware,NMI_hierarchical,"(3,8)",2,2,0.8634002679885449
context_unaware,NMI_hierarchical,"(3,8)",2,3,
context_unaware,NMI_hierarchical,"(3,8)",2,4,
context_unaware,effectiveness_hierarchical,"(3,8)",2,0,1.0
context_unaware,effectiveness_hierarchical,"(3,8)",2,1,0.9964390244182001
context_unaware,effectiveness_hierarchical,"(3,8)",2,2,0.9957423175424273
context_unaware,effectiveness_hierarchical,"(3,8)",2,3,
context_unaware,effectiveness_hierarchical,"(3,8)",2,4,
context_unaware,consistency_hierarchical,"(3,8)",2,0,0.6237585511885475
context_unaware,consistency_hierarchical,"(3,8)",2,1,0.721745707266156
context_unaware,consistency_hierarchical,"(3,8)",2,2,0.762109828741442
context_unaware,consistency_hierarchical,"(3,8)",2,3,
context_unaware,consistency_hierarchical,"(3,8)",2,4,
context_unaware,NMI_hierarchical,"(3,8)",3,0,0.7549517399565597
context_unaware,NMI_hierarchical,"(3,8)",3,1,0.8344834446113953
context_unaware,NMI_hierarchical,"(3,8)",3,2,0.8617605433168805
context_unaware,NMI_hierarchical,"(3,8)",3,3,
context_unaware,NMI_hierarchical,"(3,8)",3,4,
context_unaware,effectiveness_hierarchical,"(3,8)",3,0,0.9970856880576712
context_unaware,effectiveness_hierarchical,"(3,8)",3,1,0.9992620343514127
context_unaware,effectiveness_hierarchical,"(3,8)",3,2,0.9944022749813171
context_unaware,effectiveness_hierarchical,"(3,8)",3,3,
context_unaware,effectiveness_hierarchical,"(3,8)",3,4,
context_unaware,consistency_hierarchical,"(3,8)",3,0,0.6074399994324102
context_unaware,consistency_hierarchical,"(3,8)",3,1,0.7163561195691235
context_unaware,consistency_hierarchical,"(3,8)",3,2,0.7603400042149282
context_unaware,consistency_hierarchical,"(3,8)",3,3,
context_unaware,consistency_hierarchical,"(3,8)",3,4,
context_unaware,NMI_hierarchical,"(3,8)",4,0,0.7744736606755848
context_unaware,NMI_hierarchical,"(3,8)",4,1,0.8367586928914316
context_unaware,NMI_hierarchical,"(3,8)",4,2,0.8604031784334141
context_unaware,NMI_hierarchical,"(3,8)",4,3,
context_unaware,NMI_hierarchical,"(3,8)",4,4,
context_unaware,effectiveness_hierarchical,"(3,8)",4,0,1.0
context_unaware,effectiveness_hierarchical,"(3,8)",4,1,0.9991692871802011
context_unaware,effectiveness_hierarchical,"(3,8)",4,2,0.9984934550013861
context_unaware,effectiveness_hierarchical,"(3,8)",4,3,
context_unaware,effectiveness_hierarchical,"(3,8)",4,4,
context_unaware,consistency_hierarchical,"(3,8)",4,0,0.6319518690251258
context_unaware,consistency_hierarchical,"(3,8)",4,1,0.7197641764084757
context_unaware,consistency_hierarchical,"(3,8)",4,2,0.755867709932753
context_unaware,consistency_hierarchical,"(3,8)",4,3,
context_unaware,consistency_hierarchical,"(3,8)",4,4,
context_unaware,NMI_hierarchical,"(3,16)",0,0,0.7777593806967109
context_unaware,NMI_hierarchical,"(3,16)",0,1,0.8446108454998451
context_unaware,NMI_hierarchical,"(3,16)",0,2,0.8530355997906562
context_unaware,NMI_hierarchical,"(3,16)",0,3,
context_unaware,NMI_hierarchical,"(3,16)",0,4,
context_unaware,effectiveness_hierarchical,"(3,16)",0,0,0.9793330141402788
context_unaware,effectiveness_hierarchical,"(3,16)",0,1,0.950084851170281
context_unaware,effectiveness_hierarchical,"(3,16)",0,2,0.9114846774604962
context_unaware,effectiveness_hierarchical,"(3,16)",0,3,
context_unaware,effectiveness_hierarchical,"(3,16)",0,4,
context_unaware,consistency_hierarchical,"(3,16)",0,0,0.6450005511714297
context_unaware,consistency_hierarchical,"(3,16)",0,1,0.7602152776636834
context_unaware,consistency_hierarchical,"(3,16)",0,2,0.8016309097656114
context_unaware,consistency_hierarchical,"(3,16)",0,3,
context_unaware,consistency_hierarchical,"(3,16)",0,4,
context_unaware,NMI_hierarchical,"(3,16)",1,0,0.8984220906964874
context_unaware,NMI_hierarchical,"(3,16)",1,1,0.8996607679506604
context_unaware,NMI_hierarchical,"(3,16)",1,2,0.8804254267333129
context_unaware,NMI_hierarchical,"(3,16)",1,3,
context_unaware,NMI_hierarchical,"(3,16)",1,4,
context_unaware,effectiveness_hierarchical,"(3,16)",1,0,0.884418163052857
context_unaware,effectiveness_hierarchical,"(3,16)",1,1,0.8429312859248552
context_unaware,effectiveness_hierarchical,"(3,16)",1,2,0.8015131704496714
context_unaware,effectiveness_hierarchical,"(3,16)",1,3,
context_unaware,effectiveness_hierarchical,"(3,16)",1,4,
context_unaware,consistency_hierarchical,"(3,16)",1,0,0.9128766313504986
context_unaware,consistency_hierarchical,"(3,16)",1,1,0.9645770389534323
context_unaware,consistency_hierarchical,"(3,16)",1,2,0.9765730450811222
context_unaware,consistency_hierarchical,"(3,16)",1,3,
context_unaware,consistency_hierarchical,"(3,16)",1,4,
context_unaware,NMI_hierarchical,"(3,16)",2,0,0.859060271647415
context_unaware,NMI_hierarchical,"(3,16)",2,1,0.8986018080104685
context_unaware,NMI_hierarchical,"(3,16)",2,2,0.8845706022789747
context_unaware,NMI_hierarchical,"(3,16)",2,3,
context_unaware,NMI_hierarchical,"(3,16)",2,4,
context_unaware,effectiveness_hierarchical,"(3,16)",2,0,0.9154159788872634
context_unaware,effectiveness_hierarchical,"(3,16)",2,1,0.8840942078312605
context_unaware,effectiveness_hierarchical,"(3,16)",2,2,0.8322040687535072
context_unaware,effectiveness_hierarchical,"(3,16)",2,3,
context_unaware,effectiveness_hierarchical,"(3,16)",2,4,
context_unaware,consistency_hierarchical,"(3,16)",2,0,0.8092410086852571
context_unaware,consistency_hierarchical,"(3,16)",2,1,0.9135934783469388
context_unaware,consistency_hierarchical,"(3,16)",2,2,0.9439700207570036
context_unaware,consistency_hierarchical,"(3,16)",2,3,
context_unaware,consistency_hierarchical,"(3,16)",2,4,
context_unaware,NMI_hierarchical,"(3,16)",3,0,0.780703267425289
context_unaware,NMI_hierarchical,"(3,16)",3,1,0.8557861806547001
context_unaware,NMI_hierarchical,"(3,16)",3,2,0.8696040401899312
context_unaware,NMI_hierarchical,"(3,16)",3,3,
context_unaware,NMI_hierarchical,"(3,16)",3,4,
context_unaware,effectiveness_hierarchical,"(3,16)",3,0,0.972825653812246
context_unaware,effectiveness_hierarchical,"(3,16)",3,1,0.9438571003776213
context_unaware,effectiveness_hierarchical,"(3,16)",3,2,0.911774000336323
context_unaware,effectiveness_hierarchical,"(3,16)",3,3,
context_unaware,effectiveness_hierarchical,"(3,16)",3,4,
context_unaware,consistency_hierarchical,"(3,16)",3,0,0.6519502504476447
context_unaware,consistency_hierarchical,"(3,16)",3,1,0.7827482608111415
context_unaware,consistency_hierarchical,"(3,16)",3,2,0.8311624029061284
context_unaware,consistency_hierarchical,"(3,16)",3,3,
context_unaware,consistency_hierarchical,"(3,16)",3,4,
context_unaware,NMI_hierarchical,"(3,16)",4,0,0.7951129167111983
context_unaware,NMI_hierarchical,"(3,16)",4,1,0.788248531975583
context_unaware,NMI_hierarchical,"(3,16)",4,2,0.7523563531291781
context_unaware,NMI_hierarchical,"(3,16)",4,3,
context_unaware,NMI_hierarchical,"(3,16)",4,4,
context_unaware,effectiveness_hierarchical,"(3,16)",4,0,0.721004815946198
context_unaware,effectiveness_hierarchical,"(3,16)",4,1,0.6869914175006093
context_unaware,effectiveness_hierarchical,"(3,16)",4,2,0.6236986375136276
context_unaware,effectiveness_hierarchical,"(3,16)",4,3,
context_unaware,effectiveness_hierarchical,"(3,16)",4,4,
context_unaware,consistency_hierarchical,"(3,16)",4,0,0.8862005768714171
context_unaware,consistency_hierarchical,"(3,16)",4,1,0.9245147049224117
context_unaware,consistency_hierarchical,"(3,16)",4,2,0.947888571660348
context_unaware,consistency_hierarchical,"(3,16)",4,3,
context_unaware,consistency_hierarchical,"(3,16)",4,4,
context_unaware,NMI_hierarchical,"(4,4)",0,0,0.7286836631260957
context_unaware,NMI_hierarchical,"(4,4)",0,1,0.8350478940215346
context_unaware,NMI_hierarchical,"(4,4)",0,2,0.8427900510827402
context_unaware,NMI_hierarchical,"(4,4)",0,3,0.8572722400297635
context_unaware,NMI_hierarchical,"(4,4)",0,4,
context_unaware,effectiveness_hierarchical,"(4,4)",0,0,0.9929044866374268
context_unaware,effectiveness_hierarchical,"(4,4)",0,1,0.9877709534860557
context_unaware,effectiveness_hierarchical,"(4,4)",0,2,0.9549887818718943
context_unaware,effectiveness_hierarchical,"(4,4)",0,3,0.9572367491337285
context_unaware,effectiveness_hierarchical,"(4,4)",0,4,
context_unaware,consistency_hierarchical,"(4,4)",0,0,0.5755299591984835
context_unaware,consistency_hierarchical,"(4,4)",0,1,0.7232269920911178
context_unaware,consistency_hierarchical,"(4,4)",0,2,0.7541833414545298
context_unaware,consistency_hierarchical,"(4,4)",0,3,0.7762121788774674
context_unaware,consistency_hierarchical,"(4,4)",0,4,
context_unaware,NMI_hierarchical,"(4,4)",1,0,0.7517896464141668
context_unaware,NMI_hierarchical,"(4,4)",1,1,0.8181248426432147
context_unaware,NMI_hierarchical,"(4,4)",1,2,0.8399461181734217
context_unaware,NMI_hierarchical,"(4,4)",1,3,0.8410993697239099
context_unaware,NMI_hierarchical,"(4,4)",1,4,
context_unaware,effectiveness_hierarchical,"(4,4)",1,0,0.9929047861099547
context_unaware,effectiveness_hierarchical,"(4,4)",1,1,0.9642275996930986
context_unaware,effectiveness_hierarchical,"(4,4)",1,2,0.980045845885794
context_unaware,effectiveness_hierarchical,"(4,4)",1,3,0.9797803157759962
context_unaware,effectiveness_hierarchical,"(4,4)",1,4,
context_unaware,consistency_hierarchical,"(4,4)",1,0,0.604897475691201
context_unaware,consistency_hierarchical,"(4,4)",1,1,0.7104719316016724
context_unaware,consistency_hierarchical,"(4,4)",1,2,0.7348917170109397
context_unaware,consistency_hierarchical,"(4,4)",1,3,0.7368092523116407
context_unaware,consistency_hierarchical,"(4,4)",1,4,
context_unaware,NMI_hierarchical,"(4,4)",2,0,0.7054061549261904
context_unaware,NMI_hierarchical,"(4,4)",2,1,0.817128895627557
context_unaware,NMI_hierarchical,"(4,4)",2,2,0.8418977543153393
context_unaware,NMI_hierarchical,"(4,4)",2,3,0.8453944984589565
context_unaware,NMI_hierarchical,"(4,4)",2,4,
context_unaware,effectiveness_hierarchical,"(4,4)",2,0,1.0
context_unaware,effectiveness_hierarchical,"(4,4)",2,1,0.9989016069258373
context_unaware,effectiveness_hierarchical,"(4,4)",2,2,0.9947900185598884
context_unaware,effectiveness_hierarchical,"(4,4)",2,3,0.993320698870848
context_unaware,effectiveness_hierarchical,"(4,4)",2,4,
context_unaware,consistency_hierarchical,"(4,4)",2,0,0.5448860718830102
context_unaware,consistency_hierarchical,"(4,4)",2,1,0.6913264346561006
context_unaware,consistency_hierarchical,"(4,4)",2,2,0.729741580217105
context_unaware,consistency_hierarchical,"(4,4)",2,3,0.7358161100447176
context_unaware,consistency_hierarchical,"(4,4)",2,4,
context_unaware,NMI_hierarchical,"(4,4)",3,0,0.7004010767941045
context_unaware,NMI_hierarchical,"(4,4)",3,1,0.8159463344856946
context_unaware,NMI_hierarchical,"(4,4)",3,2,0.840886706390064
context_unaware,NMI_hierarchical,"(4,4)",3,3,0.8437046091583927
context_unaware,NMI_hierarchical,"(4,4)",3,4,
context_unaware,effectiveness_hierarchical,"(4,4)",3,0,0.9929046860491177
context_unaware,effectiveness_hierarchical,"(4,4)",3,1,0.9983523008124316
context_unaware,effectiveness_hierarchical,"(4,4)",3,2,0.9953503396081669
context_unaware,effectiveness_hierarchical,"(4,4)",3,3,0.9937020297028905
context_unaware,effectiveness_hierarchical,"(4,4)",3,4,
context_unaware,consistency_hierarchical,"(4,4)",3,0,0.5410199341355373
context_unaware,consistency_hierarchical,"(4,4)",3,1,0.6898972660567881
context_unaware,consistency_hierarchical,"(4,4)",3,2,0.7279237238003244
context_unaware,consistency_hierarchical,"(4,4)",3,3,0.7330518366595616
context_unaware,consistency_hierarchical,"(4,4)",3,4,
context_unaware,NMI_hierarchical,"(4,4)",4,0,0.700928186083006
context_unaware,NMI_hierarchical,"(4,4)",4,1,0.8103582582141156
context_unaware,NMI_hierarchical,"(4,4)",4,2,0.8370364929299802
context_unaware,NMI_hierarchical,"(4,4)",4,3,0.8353593184194223
context_unaware,NMI_hierarchical,"(4,4)",4,4,
context_unaware,effectiveness_hierarchical,"(4,4)",4,0,0.990226658785876
context_unaware,effectiveness_hierarchical,"(4,4)",4,1,0.9888694561365426
context_unaware,effectiveness_hierarchical,"(4,4)",4,2,0.9854327451664121
context_unaware,effectiveness_hierarchical,"(4,4)",4,3,0.9796188091388042
context_unaware,effectiveness_hierarchical,"(4,4)",4,4,
context_unaware,consistency_hierarchical,"(4,4)",4,0,0.5424495062056736
context_unaware,consistency_hierarchical,"(4,4)",4,1,0.6864415024265678
context_unaware,consistency_hierarchical,"(4,4)",4,2,0.7274846303294831
context_unaware,consistency_hierarchical,"(4,4)",4,3,0.7281337319319159
context_unaware,consistency_hierarchical,"(4,4)",4,4,
context_unaware,NMI_hierarchical,"(4,8)",0,0,0.7721227892406684
context_unaware,NMI_hierarchical,"(4,8)",0,1,0.8371587175958124
context_unaware,NMI_hierarchical,"(4,8)",0,2,0.8408924108579968
context_unaware,NMI_hierarchical,"(4,8)",0,3,0.8306952510141383
context_unaware,NMI_hierarchical,"(4,8)",0,4,
context_unaware,effectiveness_hierarchical,"(4,8)",0,0,0.9958628458848311
context_unaware,effectiveness_hierarchical,"(4,8)",0,1,0.9574885080858365
context_unaware,effectiveness_hierarchical,"(4,8)",0,2,0.9005608308636006
context_unaware,effectiveness_hierarchical,"(4,8)",0,3,0.8517998103672516
context_unaware,effectiveness_hierarchical,"(4,8)",0,4,
context_unaware,consistency_hierarchical,"(4,8)",0,0,0.6304743918461329
context_unaware,consistency_hierarchical,"(4,8)",0,1,0.743696644045656
context_unaware,consistency_hierarchical,"(4,8)",0,2,0.7886395540478326
context_unaware,consistency_hierarchical,"(4,8)",0,3,0.810611198467817
context_unaware,consistency_hierarchical,"(4,8)",0,4,
context_unaware,NMI_hierarchical,"(4,8)",1,0,0.7742075245932664
context_unaware,NMI_hierarchical,"(4,8)",1,1,0.8523743843944641
context_unaware,NMI_hierarchical,"(4,8)",1,2,0.8765566946901018
context_unaware,NMI_hierarchical,"(4,8)",1,3,0.8842701989614855
context_unaware,NMI_hierarchical,"(4,8)",1,4,
context_unaware,effectiveness_hierarchical,"(4,8)",1,0,0.9919223953453113
context_unaware,effectiveness_hierarchical,"(4,8)",1,1,0.9904972933918024
context_unaware,effectiveness_hierarchical,"(4,8)",1,2,0.9835798953954602
context_unaware,effectiveness_hierarchical,"(4,8)",1,3,0.9789836695684793
context_unaware,effectiveness_hierarchical,"(4,8)",1,4,
context_unaware,consistency_hierarchical,"(4,8)",1,0,0.6348628665902138
context_unaware,consistency_hierarchical,"(4,8)",1,1,0.7480590183588793
context_unaware,consistency_hierarchical,"(4,8)",1,2,0.7905383224694051
context_unaware,consistency_hierarchical,"(4,8)",1,3,0.8062665456367765
context_unaware,consistency_hierarchical,"(4,8)",1,4,
context_unaware,NMI_hierarchical,"(4,8)",2,0,0.8680156757913502
context_unaware,NMI_hierarchical,"(4,8)",2,1,0.890530131719803
context_unaware,NMI_hierarchical,"(4,8)",2,2,0.885706715125568
context_unaware,NMI_hierarchical,"(4,8)",2,3,0.8695436548884541
context_unaware,NMI_hierarchical,"(4,8)",2,4,
context_unaware,effectiveness_hierarchical,"(4,8)",2,0,0.8880194663539869
context_unaware,effectiveness_hierarchical,"(4,8)",2,1,0.88205108834254
context_unaware,effectiveness_hierarchical,"(4,8)",2,2,0.8553400481132893
context_unaware,effectiveness_hierarchical,"(4,8)",2,3,0.8148639429911236
context_unaware,effectiveness_hierarchical,"(4,8)",2,4,
context_unaware,consistency_hierarchical,"(4,8)",2,0,0.8488932539245609
context_unaware,consistency_hierarchical,"(4,8)",2,1,0.899173773259308
context_unaware,consistency_hierarchical,"(4,8)",2,2,0.9183089317605604
context_unaware,consistency_hierarchical,"(4,8)",2,3,0.9320895412495014
context_unaware,consistency_hierarchical,"(4,8)",2,4,
context_unaware,NMI_hierarchical,"(4,8)",3,0,0.766944482984652
context_unaware,NMI_hierarchical,"(4,8)",3,1,0.8376554931970701
context_unaware,NMI_hierarchical,"(4,8)",3,2,0.8522229726777165
context_unaware,NMI_hierarchical,"(4,8)",3,3,0.8496148645904315
context_unaware,NMI_hierarchical,"(4,8)",3,4,
context_unaware,effectiveness_hierarchical,"(4,8)",3,0,0.9942916362735674
context_unaware,effectiveness_hierarchical,"(4,8)",3,1,0.9630054724554296
context_unaware,effectiveness_hierarchical,"(4,8)",3,2,0.9301965962769166
context_unaware,effectiveness_hierarchical,"(4,8)",3,3,0.8980570317959685
context_unaware,effectiveness_hierarchical,"(4,8)",3,4,
context_unaware,consistency_hierarchical,"(4,8)",3,0,0.6242160051179286
context_unaware,consistency_hierarchical,"(4,8)",3,1,0.7411795684129712
context_unaware,consistency_hierarchical,"(4,8)",3,2,0.7863105781394915
context_unaware,consistency_hierarchical,"(4,8)",3,3,0.8061312722385123
context_unaware,consistency_hierarchical,"(4,8)",3,4,
context_unaware,NMI_hierarchical,"(4,8)",4,0,0.7777692235857829
context_unaware,NMI_hierarchical,"(4,8)",4,1,0.8279713726198319
context_unaware,NMI_hierarchical,"(4,8)",4,2,0.8330190869626535
context_unaware,NMI_hierarchical,"(4,8)",4,3,0.8334499079040877
context_unaware,NMI_hierarchical,"(4,8)",4,4,
context_unaware,effectiveness_hierarchical,"(4,8)",4,0,0.983553356647965
context_unaware,effectiveness_hierarchical,"(4,8)",4,1,0.9259022845467157
context_unaware,effectiveness_hierarchical,"(4,8)",4,2,0.8818063539436127
context_unaware,effectiveness_hierarchical,"(4,8)",4,3,0.8606616053047098
context_unaware,effectiveness_hierarchical,"(4,8)",4,4,
context_unaware,consistency_hierarchical,"(4,8)",4,0,0.6431963485332584
context_unaware,consistency_hierarchical,"(4,8)",4,1,0.7487748864643793
context_unaware,consistency_hierarchical,"(4,8)",4,2,0.7893472589143329
context_unaware,consistency_hierarchical,"(4,8)",4,3,0.807906188295267
context_unaware,consistency_hierarchical,"(4,8)",4,4,
context_unaware,NMI_hierarchical,"(5,4)",0,0,0.7386158475175121
context_unaware,NMI_hierarchical,"(5,4)",0,1,0.8255986870418668
context_unaware,NMI_hierarchical,"(5,4)",0,2,0.8587932991947294
context_unaware,NMI_hierarchical,"(5,4)",0,3,0.8693026583181653
context_unaware,NMI_hierarchical,"(5,4)",0,4,0.8626643675748731
context_unaware,effectiveness_hierarchical,"(5,4)",0,0,1.0
context_unaware,effectiveness_hierarchical,"(5,4)",0,1,1.0
context_unaware,effectiveness_hierarchical,"(5,4)",0,2,0.9981385726683636
context_unaware,effectiveness_hierarchical,"(5,4)",0,3,0.99119940857504
context_unaware,effectiveness_hierarchical,"(5,4)",0,4,0.9774662986448918
context_unaware,consistency_hierarchical,"(5,4)",0,0,0.5855597964060885
context_unaware,consistency_hierarchical,"(5,4)",0,1,0.7029953712860835
context_unaware,consistency_hierarchical,"(5,4)",0,2,0.7535884758124065
context_unaware,consistency_hierarchical,"(5,4)",0,3,0.7741040825276901
context_unaware,consistency_hierarchical,"(5,4)",0,4,0.7719947567882071
context_unaware,NMI_hierarchical,"(5,4)",1,0,0.6008155870490642
context_unaware,NMI_hierarchical,"(5,4)",1,1,0.6534732413880048
context_unaware,NMI_hierarchical,"(5,4)",1,2,0.6698215840823986
context_unaware,NMI_hierarchical,"(5,4)",1,3,0.6652434170073509
context_unaware,NMI_hierarchical,"(5,4)",1,4,0.6859604378719434
context_unaware,effectiveness_hierarchical,"(5,4)",1,0,0.6599482148532685
context_unaware,effectiveness_hierarchical,"(5,4)",1,1,0.6191191725200795
context_unaware,effectiveness_hierarchical,"(5,4)",1,2,0.608177968745753
context_unaware,effectiveness_hierarchical,"(5,4)",1,3,0.5876641591245473
context_unaware,effectiveness_hierarchical,"(5,4)",1,4,0.6171317722793997
context_unaware,consistency_hierarchical,"(5,4)",1,0,0.5514083404915862
context_unaware,consistency_hierarchical,"(5,4)",1,1,0.6918638098363978
context_unaware,consistency_hierarchical,"(5,4)",1,2,0.7453707674334589
context_unaware,consistency_hierarchical,"(5,4)",1,3,0.7664208689907641
context_unaware,consistency_hierarchical,"(5,4)",1,4,0.7720692725880075
context_unaware,NMI_hierarchical,"(5,4)",2,0,0.7500580227917696
context_unaware,NMI_hierarchical,"(5,4)",2,1,0.8109092641015903
context_unaware,NMI_hierarchical,"(5,4)",2,2,0.8294978676894126
context_unaware,NMI_hierarchical,"(5,4)",2,3,0.8339420512604672
context_unaware,NMI_hierarchical,"(5,4)",2,4,0.8240962122134415
context_unaware,effectiveness_hierarchical,"(5,4)",2,0,0.9908520810129956
context_unaware,effectiveness_hierarchical,"(5,4)",2,1,0.9419314780237692
context_unaware,effectiveness_hierarchical,"(5,4)",2,2,0.9133190658624575
context_unaware,effectiveness_hierarchical,"(5,4)",2,3,0.8977769375371326
context_unaware,effectiveness_hierarchical,"(5,4)",2,4,0.8782175184780077
context_unaware,consistency_hierarchical,"(5,4)",2,0,0.6034172714784798
context_unaware,consistency_hierarchical,"(5,4)",2,1,0.7118862327535165
context_unaware,consistency_hierarchical,"(5,4)",2,2,0.7597689562619259
context_unaware,consistency_hierarchical,"(5,4)",2,3,0.7785822951871589
context_unaware,consistency_hierarchical,"(5,4)",2,4,0.7762582778605661
context_unaware,NMI_hierarchical,"(5,4)",3,0,0.7397193113323128
context_unaware,NMI_hierarchical,"(5,4)",3,1,0.8223687166801281
context_unaware,NMI_hierarchical,"(5,4)",3,2,0.8502224045600131
context_unaware,NMI_hierarchical,"(5,4)",3,3,0.8575179118793695
context_unaware,NMI_hierarchical,"(5,4)",3,4,0.8551237397904955
context_unaware,effectiveness_hierarchical,"(5,4)",3,0,1.0
context_unaware,effectiveness_hierarchical,"(5,4)",3,1,0.987169220434091
context_unaware,effectiveness_hierarchical,"(5,4)",3,2,0.9759086344824207
context_unaware,effectiveness_hierarchical,"(5,4)",3,3,0.9631187530915709
context_unaware,effectiveness_hierarchical,"(5,4)",3,4,0.9604206404693871
context_unaware,consistency_hierarchical,"(5,4)",3,0,0.5869480648111105
context_unaware,consistency_hierarchical,"(5,4)",3,1,0.7047208515195147
context_unaware,consistency_hierarchical,"(5,4)",3,2,0.7532164615607715
context_unaware,consistency_hierarchical,"(5,4)",3,3,0.7727860389618674
context_unaware,consistency_hierarchical,"(5,4)",3,4,0.7706342986203101
context_unaware,NMI_hierarchical,"(5,4)",4,0,0.7408260773334965
context_unaware,NMI_hierarchical,"(5,4)",4,1,0.8249889948330883
context_unaware,NMI_hierarchical,"(5,4)",4,2,0.8586859573855208
context_unaware,NMI_hierarchical,"(5,4)",4,3,0.8712622423206531
context_unaware,NMI_hierarchical,"(5,4)",4,4,0.8678550088079963
context_unaware,effectiveness_hierarchical,"(5,4)",4,0,1.0
context_unaware,effectiveness_hierarchical,"(5,4)",4,1,0.9971917449591494
context_unaware,effectiveness_hierarchical,"(5,4)",4,2,0.9969441723440247
context_unaware,effectiveness_hierarchical,"(5,4)",4,3,0.9968254110890797
context_unaware,effectiveness_hierarchical,"(5,4)",4,4,0.9952921637416257
context_unaware,consistency_hierarchical,"(5,4)",4,0,0.5883429318204733
context_unaware,consistency_hierarchical,"(5,4)",4,1,0.7035027262290612
context_unaware,consistency_hierarchical,"(5,4)",4,2,0.7541051451832492
context_unaware,consistency_hierarchical,"(5,4)",4,3,0.7737929255997409
context_unaware,consistency_hierarchical,"(5,4)",4,4,0.7693477627801755
context_aware,NMI_hierarchical,"(3,4)",0,0,0.8498501676709148
context_aware,NMI_hierarchical,"(3,4)",0,1,0.6413740728176487
context_aware,NMI_hierarchical,"(3,4)",0,2,0.6113238567648528
context_aware,NMI_hierarchical,"(3,4)",0,3,
context_aware,NMI_hierarchical,"(3,4)",0,4,
context_aware,effectiveness_hierarchical,"(3,4)",0,0,0.9720394960335824
context_aware,effectiveness_hierarchical,"(3,4)",0,1,0.6150803341150943
context_aware,effectiveness_hierarchical,"(3,4)",0,2,0.5876520442513421
context_aware,effectiveness_hierarchical,"(3,4)",0,3,
context_aware,effectiveness_hierarchical,"(3,4)",0,4,
context_aware,consistency_hierarchical,"(3,4)",0,0,0.7549498882399597
context_aware,consistency_hierarchical,"(3,4)",0,1,0.6700162369101315
context_aware,consistency_hierarchical,"(3,4)",0,2,0.6369828123594183
context_aware,consistency_hierarchical,"(3,4)",0,3,
context_aware,consistency_hierarchical,"(3,4)",0,4,
context_aware,NMI_hierarchical,"(3,4)",1,0,0.8899857352126074
context_aware,NMI_hierarchical,"(3,4)",1,1,0.638270775246461
context_aware,NMI_hierarchical,"(3,4)",1,2,0.5957019749763959
context_aware,NMI_hierarchical,"(3,4)",1,3,
context_aware,NMI_hierarchical,"(3,4)",1,4,
context_aware,effectiveness_hierarchical,"(3,4)",1,0,1.0
context_aware,effectiveness_hierarchical,"(3,4)",1,1,0.5916141942671747
context_aware,effectiveness_hierarchical,"(3,4)",1,2,0.5468427909655621
context_aware,effectiveness_hierarchical,"(3,4)",1,3,
context_aware,effectiveness_hierarchical,"(3,4)",1,4,
context_aware,consistency_hierarchical,"(3,4)",1,0,0.801778646856463
context_aware,consistency_hierarchical,"(3,4)",1,1,0.6929163685657834
context_aware,consistency_hierarchical,"(3,4)",1,2,0.6541487029499831
context_aware,consistency_hierarchical,"(3,4)",1,3,
context_aware,consistency_hierarchical,"(3,4)",1,4,
context_aware,NMI_hierarchical,"(3,4)",2,0,0.8574752300660903
context_aware,NMI_hierarchical,"(3,4)",2,1,0.6745273634305065
context_aware,NMI_hierarchical,"(3,4)",2,2,0.649017464500179
context_aware,NMI_hierarchical,"(3,4)",2,3,
context_aware,NMI_hierarchical,"(3,4)",2,4,
context_aware,effectiveness_hierarchical,"(3,4)",2,0,1.0
context_aware,effectiveness_hierarchical,"(3,4)",2,1,0.6842212802183305
context_aware,effectiveness_hierarchical,"(3,4)",2,2,0.6616455422021489
context_aware,effectiveness_hierarchical,"(3,4)",2,3,
context_aware,effectiveness_hierarchical,"(3,4)",2,4,
context_aware,consistency_hierarchical,"(3,4)",2,0,0.7505090940966572
context_aware,consistency_hierarchical,"(3,4)",2,1,0.665104292484061
context_aware,consistency_hierarchical,"(3,4)",2,2,0.6368623946150346
context_aware,consistency_hierarchical,"(3,4)",2,3,
context_aware,consistency_hierarchical,"(3,4)",2,4,
context_aware,NMI_hierarchical,"(3,4)",3,0,0.8792726877618979
context_aware,NMI_hierarchical,"(3,4)",3,1,0.6226368489006577
context_aware,NMI_hierarchical,"(3,4)",3,2,0.5701824414330168
context_aware,NMI_hierarchical,"(3,4)",3,3,
context_aware,NMI_hierarchical,"(3,4)",3,4,
context_aware,effectiveness_hierarchical,"(3,4)",3,0,0.9812662393264792
context_aware,effectiveness_hierarchical,"(3,4)",3,1,0.5678132008344051
context_aware,effectiveness_hierarchical,"(3,4)",3,2,0.5165463804471919
context_aware,effectiveness_hierarchical,"(3,4)",3,3,
context_aware,effectiveness_hierarchical,"(3,4)",3,4,
context_aware,consistency_hierarchical,"(3,4)",3,0,0.7964853961328026
context_aware,consistency_hierarchical,"(3,4)",3,1,0.6891786006634617
context_aware,consistency_hierarchical,"(3,4)",3,2,0.6362478085592731
context_aware,consistency_hierarchical,"(3,4)",3,3,
context_aware,consistency_hierarchical,"(3,4)",3,4,
context_aware,NMI_hierarchical,"(3,4)",4,0,0.7872680354950411
context_aware,NMI_hierarchical,"(3,4)",4,1,0.6131097390852494
context_aware,NMI_hierarchical,"(3,4)",4,2,0.5992261787421782
context_aware,NMI_hierarchical,"(3,4)",4,3,
context_aware,NMI_hierarchical,"(3,4)",4,4,
context_aware,effectiveness_hierarchical,"(3,4)",4,0,0.8804258754985704
context_aware,effectiveness_hierarchical,"(3,4)",4,1,0.5846118408034036
context_aware,effectiveness_hierarchical,"(3,4)",4,2,0.5756897680615811
context_aware,effectiveness_hierarchical,"(3,4)",4,3,
context_aware,effectiveness_hierarchical,"(3,4)",4,4,
context_aware,consistency_hierarchical,"(3,4)",4,0,0.7119379036093443
context_aware,consistency_hierarchical,"(3,4)",4,1,0.6445283704916775
context_aware,consistency_hierarchical,"(3,4)",4,2,0.624769142929407
context_aware,consistency_hierarchical,"(3,4)",4,3,
context_aware,consistency_hierarchical,"(3,4)",4,4,
context_aware,NMI_hierarchical,"(3,8)",0,0,0.9133641057750939
context_aware,NMI_hierarchical,"(3,8)",0,1,0.682457830531587
context_aware,NMI_hierarchical,"(3,8)",0,2,0.6068069991203956
context_aware,NMI_hierarchical,"(3,8)",0,3,
context_aware,NMI_hierarchical,"(3,8)",0,4,
context_aware,effectiveness_hierarchical,"(3,8)",0,0,1.0
context_aware,effectiveness_hierarchical,"(3,8)",0,1,0.6124996549441935
context_aware,effectiveness_hierarchical,"(3,8)",0,2,0.5173799468973883
context_aware,effectiveness_hierarchical,"(3,8)",0,3,
context_aware,effectiveness_hierarchical,"(3,8)",0,4,
context_aware,consistency_hierarchical,"(3,8)",0,0,0.8405429184046911
context_aware,consistency_hierarchical,"(3,8)",0,1,0.7704575624524017
context_aware,consistency_hierarchical,"(3,8)",0,2,0.7336082472832686
context_aware,consistency_hierarchical,"(3,8)",0,3,
context_aware,consistency_hierarchical,"(3,8)",0,4,
context_aware,NMI_hierarchical,"(3,8)",1,0,0.9332321010885085
context_aware,NMI_hierarchical,"(3,8)",1,1,0.679154749216095
context_aware,NMI_hierarchical,"(3,8)",1,2,0.5831896134477402
context_aware,NMI_hierarchical,"(3,8)",1,3,
context_aware,NMI_hierarchical,"(3,8)",1,4,
context_aware,effectiveness_hierarchical,"(3,8)",1,0,1.0
context_aware,effectiveness_hierarchical,"(3,8)",1,1,0.6034131436591597
context_aware,effectiveness_hierarchical,"(3,8)",1,2,0.48216282829901247
context_aware,effectiveness_hierarchical,"(3,8)",1,3,
context_aware,effectiveness_hierarchical,"(3,8)",1,4,
context_aware,consistency_hierarchical,"(3,8)",1,0,0.8748220695811713
context_aware,consistency_hierarchical,"(3,8)",1,1,0.776640149532076
context_aware,consistency_hierarchical,"(3,8)",1,2,0.7377742370686625
context_aware,consistency_hierarchical,"(3,8)",1,3,
context_aware,consistency_hierarchical,"(3,8)",1,4,
context_aware,NMI_hierarchical,"(3,8)",2,0,0.9479079431822831
context_aware,NMI_hierarchical,"(3,8)",2,1,0.6791023385726395
context_aware,NMI_hierarchical,"(3,8)",2,2,0.5724022594543737
context_aware,NMI_hierarchical,"(3,8)",2,3,
context_aware,NMI_hierarchical,"(3,8)",2,4,
context_aware,effectiveness_hierarchical,"(3,8)",2,0,1.0
context_aware,effectiveness_hierarchical,"(3,8)",2,1,0.595972786012313
context_aware,effectiveness_hierarchical,"(3,8)",2,2,0.4686101224310214
context_aware,effectiveness_hierarchical,"(3,8)",2,3,
context_aware,effectiveness_hierarchical,"(3,8)",2,4,
context_aware,consistency_hierarchical,"(3,8)",2,0,0.9009743368364918
context_aware,consistency_hierarchical,"(3,8)",2,1,0.7891817348985348
context_aware,consistency_hierarchical,"(3,8)",2,2,0.7352529305345716
context_aware,consistency_hierarchical,"(3,8)",2,3,
context_aware,consistency_hierarchical,"(3,8)",2,4,
context_aware,NMI_hierarchical,"(3,8)",3,0,0.8867634406160039
context_aware,NMI_hierarchical,"(3,8)",3,1,0.6778293273586901
context_aware,NMI_hierarchical,"(3,8)",3,2,0.5852925526246056
context_aware,NMI_hierarchical,"(3,8)",3,3,
context_aware,NMI_hierarchical,"(3,8)",3,4,
context_aware,effectiveness_hierarchical,"(3,8)",3,0,0.9570381383279835
context_aware,effectiveness_hierarchical,"(3,8)",3,1,0.6065706171393542
context_aware,effectiveness_hierarchical,"(3,8)",3,2,0.4877577333413974
context_aware,effectiveness_hierarchical,"(3,8)",3,3,
context_aware,effectiveness_hierarchical,"(3,8)",3,4,
context_aware,consistency_hierarchical,"(3,8)",3,0,0.8261032107959023
context_aware,consistency_hierarchical,"(3,8)",3,1,0.7680594212385877
context_aware,consistency_hierarchical,"(3,8)",3,2,0.7315843291744983
context_aware,consistency_hierarchical,"(3,8)",3,3,
context_aware,consistency_hierarchical,"(3,8)",3,4,
context_aware,NMI_hierarchical,"(3,8)",4,0,0.8878678433325685
context_aware,NMI_hierarchical,"(3,8)",4,1,0.6572883576749311
context_aware,NMI_hierarchical,"(3,8)",4,2,0.5606556270510068
context_aware,NMI_hierarchical,"(3,8)",4,3,
context_aware,NMI_hierarchical,"(3,8)",4,4,
context_aware,effectiveness_hierarchical,"(3,8)",4,0,0.9363512150073675
context_aware,effectiveness_hierarchical,"(3,8)",4,1,0.5763470165498779
context_aware,effectiveness_hierarchical,"(3,8)",4,2,0.4531849682807768
context_aware,effectiveness_hierarchical,"(3,8)",4,3,
context_aware,effectiveness_hierarchical,"(3,8)",4,4,
context_aware,consistency_hierarchical,"(3,8)",4,0,0.8441581409840587
context_aware,consistency_hierarchical,"(3,8)",4,1,0.7646787325035407
context_aware,consistency_hierarchical,"(3,8)",4,2,0.7349441303753678
context_aware,consistency_hierarchical,"(3,8)",4,3,
context_aware,consistency_hierarchical,"(3,8)",4,4,
context_aware,NMI_hierarchical,"(3,16)",0,0,0.9317483943556326
context_aware,NMI_hierarchical,"(3,16)",0,1,0.6922302584231754
context_aware,NMI_hierarchical,"(3,16)",0,2,0.5875194888373829
context_aware,NMI_hierarchical,"(3,16)",0,3,
context_aware,NMI_hierarchical,"(3,16)",0,4,
context_aware,effectiveness_hierarchical,"(3,16)",0,0,0.9934796082048429
context_aware,effectiveness_hierarchical,"(3,16)",0,1,0.6126768563457896
context_aware,effectiveness_hierarchical,"(3,16)",0,2,0.47536344857752344
context_aware,effectiveness_hierarchical,"(3,16)",0,3,
context_aware,effectiveness_hierarchical,"(3,16)",0,4,
context_aware,consistency_hierarchical,"(3,16)",0,0,0.8772398940792021
context_aware,consistency_hierarchical,"(3,16)",0,1,0.7955257927643574
context_aware,consistency_hierarchical,"(3,16)",0,2,0.7689416127657206
context_aware,consistency_hierarchical,"(3,16)",0,3,
context_aware,consistency_hierarchical,"(3,16)",0,4,
context_aware,NMI_hierarchical,"(3,16)",1,0,0.877890890805181
context_aware,NMI_hierarchical,"(3,16)",1,1,0.7324301461018197
context_aware,NMI_hierarchical,"(3,16)",1,2,0.6745661690879424
context_aware,NMI_hierarchical,"(3,16)",1,3,
context_aware,NMI_hierarchical,"(3,16)",1,4,
context_aware,effectiveness_hierarchical,"(3,16)",1,0,0.9861513296696373
context_aware,effectiveness_hierarchical,"(3,16)",1,1,0.6954920597888476
context_aware,effectiveness_hierarchical,"(3,16)",1,2,0.6011763868131121
context_aware,effectiveness_hierarchical,"(3,16)",1,3,
context_aware,effectiveness_hierarchical,"(3,16)",1,4,
context_aware,consistency_hierarchical,"(3,16)",1,0,0.7910489398629141
context_aware,consistency_hierarchical,"(3,16)",1,1,0.7735119238217789
context_aware,consistency_hierarchical,"(3,16)",1,2,0.7683659431891428
context_aware,consistency_hierarchical,"(3,16)",1,3,
context_aware,consistency_hierarchical,"(3,16)",1,4,
context_aware,NMI_hierarchical,"(3,16)",2,0,0.6463052439614316
context_aware,NMI_hierarchical,"(3,16)",2,1,0.5090082236729679
context_aware,NMI_hierarchical,"(3,16)",2,2,0.4231372281754761
context_aware,NMI_hierarchical,"(3,16)",2,3,
context_aware,NMI_hierarchical,"(3,16)",2,4,
context_aware,effectiveness_hierarchical,"(3,16)",2,0,0.5245958106878219
context_aware,effectiveness_hierarchical,"(3,16)",2,1,0.3725523126790593
context_aware,effectiveness_hierarchical,"(3,16)",2,2,0.29446700703633244
context_aware,effectiveness_hierarchical,"(3,16)",2,3,
context_aware,effectiveness_hierarchical,"(3,16)",2,4,
context_aware,consistency_hierarchical,"(3,16)",2,0,0.8415499813714415
context_aware,consistency_hierarchical,"(3,16)",2,1,0.8031981408802253
context_aware,consistency_hierarchical,"(3,16)",2,2,0.7515221267542971
context_aware,consistency_hierarchical,"(3,16)",2,3,
context_aware,consistency_hierarchical,"(3,16)",2,4,
context_aware,NMI_hierarchical,"(3,16)",3,0,0.9048444419584187
context_aware,NMI_hierarchical,"(3,16)",3,1,0.7055139689572792
context_aware,NMI_hierarchical,"(3,16)",3,2,0.6053567539472006
context_aware,NMI_hierarchical,"(3,16)",3,3,
context_aware,NMI_hierarchical,"(3,16)",3,4,
context_aware,effectiveness_hierarchical,"(3,16)",3,0,1.0
context_aware,effectiveness_hierarchical,"(3,16)",3,1,0.6288651993848132
context_aware,effectiveness_hierarchical,"(3,16)",3,2,0.4933441567643453
context_aware,effectiveness_hierarchical,"(3,16)",3,3,
context_aware,effectiveness_hierarchical,"(3,16)",3,4,
context_aware,consistency_hierarchical,"(3,16)",3,0,0.8262245808956242
context_aware,consistency_hierarchical,"(3,16)",3,1,0.8034407504098678
context_aware,consistency_hierarchical,"(3,16)",3,2,0.7831746673300508
context_aware,consistency_hierarchical,"(3,16)",3,3,
context_aware,consistency_hierarchical,"(3,16)",3,4,
context_aware,NMI_hierarchical,"(3,16)",4,0,0.8716334226359306
context_aware,NMI_hierarchical,"(3,16)",4,1,0.7242053473390483
context_aware,NMI_hierarchical,"(3,16)",4,2,0.6629754254360042
context_aware,NMI_hierarchical,"(3,16)",4,3,
context_aware,NMI_hierarchical,"(3,16)",4,4,
context_aware,effectiveness_hierarchical,"(3,16)",4,0,0.9633921110669376
context_aware,effectiveness_hierarchical,"(3,16)",4,1,0.6845873211201112
context_aware,effectiveness_hierarchical,"(3,16)",4,2,0.5895121284149547
context_aware,effectiveness_hierarchical,"(3,16)",4,3,
context_aware,effectiveness_hierarchical,"(3,16)",4,4,
context_aware,consistency_hierarchical,"(3,16)",4,0,0.795833887923207
context_aware,consistency_hierarchical,"(3,16)",4,1,0.7686905447982068
context_aware,consistency_hierarchical,"(3,16)",4,2,0.7573547896231217
context_aware,consistency_hierarchical,"(3,16)",4,3,
context_aware,consistency_hierarchical,"(3,16)",4,4,
context_aware,NMI_hierarchical,"(4,4)",0,0,0.844970930774631
context_aware,NMI_hierarchical,"(4,4)",0,1,0.6482637477853949
context_aware,NMI_hierarchical,"(4,4)",0,2,0.5550844393565807
context_aware,NMI_hierarchical,"(4,4)",0,3,0.5328011488809931
context_aware,NMI_hierarchical,"(4,4)",0,4,
context_aware,effectiveness_hierarchical,"(4,4)",0,0,0.9657603823124459
context_aware,effectiveness_hierarchical,"(4,4)",0,1,0.5945777909171965
context_aware,effectiveness_hierarchical,"(4,4)",0,2,0.4707967259324871
context_aware,effectiveness_hierarchical,"(4,4)",0,3,0.45358795109310523
context_aware,effectiveness_hierarchical,"(4,4)",0,4,
context_aware,consistency_hierarchical,"(4,4)",0,0,0.7510372959665563
context_aware,consistency_hierarchical,"(4,4)",0,1,0.7126068519182457
context_aware,consistency_hierarchical,"(4,4)",0,2,0.6761341345422656
context_aware,consistency_hierarchical,"(4,4)",0,3,0.645535467676031
context_aware,consistency_hierarchical,"(4,4)",0,4,
context_aware,NMI_hierarchical,"(4,4)",1,0,0.8439007674964076
context_aware,NMI_hierarchical,"(4,4)",1,1,0.6942548383333893
context_aware,NMI_hierarchical,"(4,4)",1,2,0.6210259482668851
context_aware,NMI_hierarchical,"(4,4)",1,3,0.606235816902387
context_aware,NMI_hierarchical,"(4,4)",1,4,
context_aware,effectiveness_hierarchical,"(4,4)",1,0,1.0
context_aware,effectiveness_hierarchical,"(4,4)",1,1,0.6733541827858005
context_aware,effectiveness_hierarchical,"(4,4)",1,2,0.567868509502964
context_aware,effectiveness_hierarchical,"(4,4)",1,3,0.5558585067012838
context_aware,effectiveness_hierarchical,"(4,4)",1,4,
context_aware,consistency_hierarchical,"(4,4)",1,0,0.7299553046747529
context_aware,consistency_hierarchical,"(4,4)",1,1,0.7164945544702221
context_aware,consistency_hierarchical,"(4,4)",1,2,0.6851631908725335
context_aware,consistency_hierarchical,"(4,4)",1,3,0.6666545426919226
context_aware,consistency_hierarchical,"(4,4)",1,4,
context_aware,NMI_hierarchical,"(4,4)",2,0,0.8932404173155618
context_aware,NMI_hierarchical,"(4,4)",2,1,0.6410325119690088
context_aware,NMI_hierarchical,"(4,4)",2,2,0.5475544085132806
context_aware,NMI_hierarchical,"(4,4)",2,3,0.5194094748883288
context_aware,NMI_hierarchical,"(4,4)",2,4,
context_aware,effectiveness_hierarchical,"(4,4)",2,0,0.9308883801351221
context_aware,effectiveness_hierarchical,"(4,4)",2,1,0.5700005413071011
context_aware,effectiveness_hierarchical,"(4,4)",2,2,0.4571367375084202
context_aware,effectiveness_hierarchical,"(4,4)",2,3,0.43474559132209445
context_aware,effectiveness_hierarchical,"(4,4)",2,4,
context_aware,consistency_hierarchical,"(4,4)",2,0,0.8585192813823092
context_aware,consistency_hierarchical,"(4,4)",2,1,0.7322883650673992
context_aware,consistency_hierarchical,"(4,4)",2,2,0.6825585544341581
context_aware,consistency_hierarchical,"(4,4)",2,3,0.6450236453259677
context_aware,consistency_hierarchical,"(4,4)",2,4,
context_aware,NMI_hierarchical,"(4,4)",3,0,0.8790512854974551
context_aware,NMI_hierarchical,"(4,4)",3,1,0.6624880334125682
context_aware,NMI_hierarchical,"(4,4)",3,2,0.575489616090361
context_aware,NMI_hierarchical,"(4,4)",3,3,0.5601794709989042
context_aware,NMI_hierarchical,"(4,4)",3,4,
context_aware,effectiveness_hierarchical,"(4,4)",3,0,1.0
context_aware,effectiveness_hierarchical,"(4,4)",3,1,0.6072184608931412
context_aware,effectiveness_hierarchical,"(4,4)",3,2,0.5012139678357781
context_aware,effectiveness_hierarchical,"(4,4)",3,3,0.48868766384888596
context_aware,effectiveness_hierarchical,"(4,4)",3,4,
context_aware,consistency_hierarchical,"(4,4)",3,0,0.7842029471326535
context_aware,consistency_hierarchical,"(4,4)",3,1,0.7288264773830482
context_aware,consistency_hierarchical,"(4,4)",3,2,0.6756091470353067
context_aware,consistency_hierarchical,"(4,4)",3,3,0.6561733359115175
context_aware,consistency_hierarchical,"(4,4)",3,4,
context_aware,NMI_hierarchical,"(4,4)",4,0,0.9041736533956362
context_aware,NMI_hierarchical,"(4,4)",4,1,0.664114470415898
context_aware,NMI_hierarchical,"(4,4)",4,2,0.5795259995607173
context_aware,NMI_hierarchical,"(4,4)",4,3,0.5634737767861613
context_aware,NMI_hierarchical,"(4,4)",4,4,
context_aware,effectiveness_hierarchical,"(4,4)",4,0,1.0
context_aware,effectiveness_hierarchical,"(4,4)",4,1,0.6099919592884464
context_aware,effectiveness_hierarchical,"(4,4)",4,2,0.5070521808387288
context_aware,effectiveness_hierarchical,"(4,4)",4,3,0.4926742758168601
context_aware,effectiveness_hierarchical,"(4,4)",4,4,
context_aware,consistency_hierarchical,"(4,4)",4,0,0.8251066934075808
context_aware,consistency_hierarchical,"(4,4)",4,1,0.7287763131091767
context_aware,consistency_hierarchical,"(4,4)",4,2,0.6761724640378417
context_aware,consistency_hierarchical,"(4,4)",4,3,0.6580365821118954
context_aware,consistency_hierarchical,"(4,4)",4,4,
context_aware,NMI_hierarchical,"(4,8)",0,0,0.8848271373358727
context_aware,NMI_hierarchical,"(4,8)",0,1,0.7089189220121469
context_aware,NMI_hierarchical,"(4,8)",0,2,0.6394726621806459
context_aware,NMI_hierarchical,"(4,8)",0,3,0.6206598256888258
context_aware,NMI_hierarchical,"(4,8)",0,4,
context_aware,effectiveness_hierarchical,"(4,8)",0,0,0.9965658638343708
context_aware,effectiveness_hierarchical,"(4,8)",0,1,0.6751219017860071
context_aware,effectiveness_hierarchical,"(4,8)",0,2,0.5654762735141303
context_aware,effectiveness_hierarchical,"(4,8)",0,3,0.5384348280850668
context_aware,effectiveness_hierarchical,"(4,8)",0,4,
context_aware,consistency_hierarchical,"(4,8)",0,0,0.7956192982999202
context_aware,consistency_hierarchical,"(4,8)",0,1,0.7462780637433433
context_aware,consistency_hierarchical,"(4,8)",0,2,0.7357505956448036
context_aware,consistency_hierarchical,"(4,8)",0,3,0.7325244749581585
context_aware,consistency_hierarchical,"(4,8)",0,4,
context_aware,NMI_hierarchical,"(4,8)",1,0,0.8936328832216146
context_aware,NMI_hierarchical,"(4,8)",1,1,0.7112714893900941
context_aware,NMI_hierarchical,"(4,8)",1,2,0.6471253703924778
context_aware,NMI_hierarchical,"(4,8)",1,3,0.6276121174287485
context_aware,NMI_hierarchical,"(4,8)",1,4,
context_aware,effectiveness_hierarchical,"(4,8)",1,0,1.0
context_aware,effectiveness_hierarchical,"(4,8)",1,1,0.6811770130580472
context_aware,effectiveness_hierarchical,"(4,8)",1,2,0.5790603854849976
context_aware,effectiveness_hierarchical,"(4,8)",1,3,0.5516752252981644
context_aware,effectiveness_hierarchical,"(4,8)",1,4,
context_aware,consistency_hierarchical,"(4,8)",1,0,0.8077182245110207
context_aware,consistency_hierarchical,"(4,8)",1,1,0.7441480323714923
context_aware,consistency_hierarchical,"(4,8)",1,2,0.7333229731873969
context_aware,consistency_hierarchical,"(4,8)",1,3,0.7277909559589755
context_aware,consistency_hierarchical,"(4,8)",1,4,
context_aware,NMI_hierarchical,"(4,8)",2,0,0.8938190560341563
context_aware,NMI_hierarchical,"(4,8)",2,1,0.7046383905277045
context_aware,NMI_hierarchical,"(4,8)",2,2,0.6198088510391492
context_aware,NMI_hierarchical,"(4,8)",2,3,0.595509582305997
context_aware,NMI_hierarchical,"(4,8)",2,4,
context_aware,effectiveness_hierarchical,"(4,8)",2,0,0.9861769638077155
context_aware,effectiveness_hierarchical,"(4,8)",2,1,0.6611570481721512
context_aware,effectiveness_hierarchical,"(4,8)",2,2,0.5371054409877587
context_aware,effectiveness_hierarchical,"(4,8)",2,3,0.5060868261931297
context_aware,effectiveness_hierarchical,"(4,8)",2,4,
context_aware,consistency_hierarchical,"(4,8)",2,0,0.8172788716426949
context_aware,consistency_hierarchical,"(4,8)",2,1,0.7542414796679766
context_aware,consistency_hierarchical,"(4,8)",2,2,0.7326171178845723
context_aware,consistency_hierarchical,"(4,8)",2,3,0.7233154383068916
context_aware,consistency_hierarchical,"(4,8)",2,4,
context_aware,NMI_hierarchical,"(4,8)",3,0,0.8672669687972154
context_aware,NMI_hierarchical,"(4,8)",3,1,0.6401023174721173
context_aware,NMI_hierarchical,"(4,8)",3,2,0.5283691167278894
context_aware,NMI_hierarchical,"(4,8)",3,3,0.4853209305347792
context_aware,NMI_hierarchical,"(4,8)",3,4,
context_aware,effectiveness_hierarchical,"(4,8)",3,0,0.8529956091913278
context_aware,effectiveness_hierarchical,"(4,8)",3,1,0.5318240497501393
context_aware,effectiveness_hierarchical,"(4,8)",3,2,0.40761760066775776
context_aware,effectiveness_hierarchical,"(4,8)",3,3,0.36697373723439486
context_aware,effectiveness_hierarchical,"(4,8)",3,4,
context_aware,consistency_hierarchical,"(4,8)",3,0,0.8820239986459779
context_aware,consistency_hierarchical,"(4,8)",3,1,0.803742644071087
context_aware,consistency_hierarchical,"(4,8)",3,2,0.7507773249742993
context_aware,consistency_hierarchical,"(4,8)",3,3,0.7163355642496998
context_aware,consistency_hierarchical,"(4,8)",3,4,
context_aware,NMI_hierarchical,"(4,8)",4,0,0.8261617077948693
context_aware,NMI_hierarchical,"(4,8)",4,1,0.6227192823054936
context_aware,NMI_hierarchical,"(4,8)",4,2,0.5378992377511346
context_aware,NMI_hierarchical,"(4,8)",4,3,0.49941393816569757
context_aware,NMI_hierarchical,"(4,8)",4,4,
context_aware,effectiveness_hierarchical,"(4,8)",4,0,0.8498384905025826
context_aware,effectiveness_hierarchical,"(4,8)",4,1,0.5348803928945773
context_aware,effectiveness_hierarchical,"(4,8)",4,2,0.42711323621806396
context_aware,effectiveness_hierarchical,"(4,8)",4,3,0.3872576855828562
context_aware,effectiveness_hierarchical,"(4,8)",4,4,
context_aware,consistency_hierarchical,"(4,8)",4,0,0.803768451675828
context_aware,consistency_hierarchical,"(4,8)",4,1,0.7450769823092397
context_aware,consistency_hierarchical,"(4,8)",4,2,0.7262855012275555
context_aware,consistency_hierarchical,"(4,8)",4,3,0.7030202777673551
context_aware,consistency_hierarchical,"(4,8)",4,4,
context_aware,NMI_hierarchical,"(5,4)",0,0,0.8966566771637619
context_aware,NMI_hierarchical,"(5,4)",0,1,0.6758598255134226
context_aware,NMI_hierarchical,"(5,4)",0,2,0.5850088047647347
context_aware,NMI_hierarchical,"(5,4)",0,3,0.5484683256196564
context_aware,NMI_hierarchical,"(5,4)",0,4,0.5581810338980483
context_aware,effectiveness_hierarchical,"(5,4)",0,0,0.9916349606216728
context_aware,effectiveness_hierarchical,"(5,4)",0,1,0.6332100411961707
context_aware,effectiveness_hierarchical,"(5,4)",0,2,0.5090912250919649
context_aware,effectiveness_hierarchical,"(5,4)",0,3,0.46175123585074884
context_aware,effectiveness_hierarchical,"(5,4)",0,4,0.48073741363378275
context_aware,consistency_hierarchical,"(5,4)",0,0,0.8182820461604139
context_aware,consistency_hierarchical,"(5,4)",0,1,0.7246698757175847
context_aware,consistency_hierarchical,"(5,4)",0,2,0.6875368625417015
context_aware,consistency_hierarchical,"(5,4)",0,3,0.675287650006677
context_aware,consistency_hierarchical,"(5,4)",0,4,0.6653673103511265
context_aware,NMI_hierarchical,"(5,4)",1,0,0.8594072958296896
context_aware,NMI_hierarchical,"(5,4)",1,1,0.6658846356898768
context_aware,NMI_hierarchical,"(5,4)",1,2,0.5803886434820378
context_aware,NMI_hierarchical,"(5,4)",1,3,0.5527925599970626
context_aware,NMI_hierarchical,"(5,4)",1,4,0.5623685535611158
context_aware,effectiveness_hierarchical,"(5,4)",1,0,0.9905276398370708
context_aware,effectiveness_hierarchical,"(5,4)",1,1,0.6240252709364472
context_aware,effectiveness_hierarchical,"(5,4)",1,2,0.5005103765071841
context_aware,effectiveness_hierarchical,"(5,4)",1,3,0.4651537635666213
context_aware,effectiveness_hierarchical,"(5,4)",1,4,0.4842896248692308
context_aware,consistency_hierarchical,"(5,4)",1,0,0.7589428168713168
context_aware,consistency_hierarchical,"(5,4)",1,1,0.713763612375063
context_aware,consistency_hierarchical,"(5,4)",1,2,0.6906047633706882
context_aware,consistency_hierarchical,"(5,4)",1,3,0.6811214445479341
context_aware,consistency_hierarchical,"(5,4)",1,4,0.6704630340985923
context_aware,NMI_hierarchical,"(5,4)",2,0,0.874563175925602
context_aware,NMI_hierarchical,"(5,4)",2,1,0.6405494738409895
context_aware,NMI_hierarchical,"(5,4)",2,2,0.5428252604458739
context_aware,NMI_hierarchical,"(5,4)",2,3,0.5100979100265932
context_aware,NMI_hierarchical,"(5,4)",2,4,0.515670627252881
context_aware,effectiveness_hierarchical,"(5,4)",2,0,0.9523153723911432
context_aware,effectiveness_hierarchical,"(5,4)",2,1,0.5661473676931132
context_aware,effectiveness_hierarchical,"(5,4)",2,2,0.4469009023618272
context_aware,effectiveness_hierarchical,"(5,4)",2,3,0.411500477370324
context_aware,effectiveness_hierarchical,"(5,4)",2,4,0.4268687562824719
context_aware,consistency_hierarchical,"(5,4)",2,0,0.8085488580963646
context_aware,consistency_hierarchical,"(5,4)",2,1,0.7374659744615029
context_aware,consistency_hierarchical,"(5,4)",2,2,0.6911832219934837
context_aware,consistency_hierarchical,"(5,4)",2,3,0.6708325055557351
context_aware,consistency_hierarchical,"(5,4)",2,4,0.6511246409231934
context_aware,NMI_hierarchical,"(5,4)",3,0,0.8863027689036818
context_aware,NMI_hierarchical,"(5,4)",3,1,0.664890167651273
context_aware,NMI_hierarchical,"(5,4)",3,2,0.5687184758388365
context_aware,NMI_hierarchical,"(5,4)",3,3,0.5409646825184324
context_aware,NMI_hierarchical,"(5,4)",3,4,0.5479144107076876
context_aware,effectiveness_hierarchical,"(5,4)",3,0,0.9908521665430661
context_aware,effectiveness_hierarchical,"(5,4)",3,1,0.6135227171690227
context_aware,effectiveness_hierarchical,"(5,4)",3,2,0.4839026974003262
context_aware,effectiveness_hierarchical,"(5,4)",3,3,0.44900245072253253
context_aware,effectiveness_hierarchical,"(5,4)",3,4,0.46490092822722084
context_aware,consistency_hierarchical,"(5,4)",3,0,0.8017105758259254
context_aware,consistency_hierarchical,"(5,4)",3,1,0.7256451134587839
context_aware,consistency_hierarchical,"(5,4)",3,2,0.6895851290634418
context_aware,consistency_hierarchical,"(5,4)",3,3,0.6803000203599608
context_aware,consistency_hierarchical,"(5,4)",3,4,0.6670183085725061
context_aware,NMI_hierarchical,"(5,4)",4,0,0.8562116009745548
context_aware,NMI_hierarchical,"(5,4)",4,1,0.6766161563725775
context_aware,NMI_hierarchical,"(5,4)",4,2,0.5914314071304112
context_aware,NMI_hierarchical,"(5,4)",4,3,0.5568297334734361
context_aware,NMI_hierarchical,"(5,4)",4,4,0.5621903429552096
context_aware,effectiveness_hierarchical,"(5,4)",4,0,0.9737043330861321
context_aware,effectiveness_hierarchical,"(5,4)",4,1,0.6335265700483091
context_aware,effectiveness_hierarchical,"(5,4)",4,2,0.5122754507981275
context_aware,effectiveness_hierarchical,"(5,4)",4,3,0.47007926310501125
context_aware,effectiveness_hierarchical,"(5,4)",4,4,0.4840889188494436
context_aware,consistency_hierarchical,"(5,4)",4,0,0.764020517005775
context_aware,consistency_hierarchical,"(5,4)",4,1,0.7259950250445938
context_aware,consistency_hierarchical,"(5,4)",4,2,0.6995200968212139
context_aware,consistency_hierarchical,"(5,4)",4,3,0.6828448990682092
context_aware,consistency_hierarchical,"(5,4)",4,4,0.670341128316301
